{
    "loss": 10.141639709472656,
    "accuracy": 0.4313725531101227
}