{
    "loss": 0.47157877683639526,
    "accuracy": 0.7647058963775635
}