{
    "loss": 23.164608001708984,
    "accuracy": 0.5686274766921997
}