{
    "loss": 0.8724973201751709,
    "accuracy": 0.6176470518112183
}